algorithm,round,status,error,config,calibration_rmse,calibration_sparsity,selection_worst_rmse,heldout_rmse,heldout_sparsity,search_feasible,independently_qualified,critic_layer,critique_applied,xm_collapses_to_fixed_nm,area_um2,power_mw,frequency_mhz,latency_ns,energy_nj,energy_efficiency_queries_per_joule,energy_efficiency_dense_equivalent_tops_per_w,slack_ns,hold_slack_ns,route_drc_violations,evidence_id,evidence_class,display_label
rq1_dynax_xm,1,evaluated,,"{""n1"": 8, ""n2"": 7, ""t0_quarters"": 2, ""t1_quarters"": 0}",0.002363811826138993,0.016355994152046804,0.002363811826138993,0.002618049401694358,0.01638031005859375,True,True,uarch,False,False,132392.987999922,47.6655699,300,200.0,9.533113980000001,104897518.491644,0.010070161775197822,0.31882253,0.00417,0,rq1_dynax_xm_R1,original_trajectory,R1
rq1_dynax_xm,2,evaluated,,"{""n1"": 8, ""n2"": 7, ""t0_quarters"": 2, ""t1_quarters"": 0}",0.002363811826138993,0.016355994152046804,0.002363811826138993,0.002618049401694358,0.01638031005859375,False,,kernel,False,False,133226.36599994043,48.061464,300,200.0,9.612292799999999,104033451.83159631,0.009987211375833246,-0.0729401,0.00615974,0,rq1_dynax_xm_R2,original_trajectory,R2
rq1_dynax_xm,3,candidate_failed,Compiler/UArch build budget exhausted; see compiler_feedback.json,"{""n1"": 7, ""n2"": 4, ""t0_quarters"": 2, ""t1_quarters"": 0}",0.036554734741143735,0.1740679824561403,0.03834101435890423,0.03681302409260263,0.17414093017578125,,,compiler,False,False,,,,,,,,,,,rq1_dynax_xm_R3,original_trajectory,R3
rq1_dynax_xm,4,evaluated,,"{""n1"": 8, ""n2"": 7, ""t0_quarters"": 2, ""t1_quarters"": 0}",0.002363811826138993,0.016355994152046804,0.002363811826138993,0.002618049401694358,0.01638031005859375,True,True,kernel,True,False,132392.987999922,47.6655699,300,200.0,9.533113980000001,104897518.491644,0.010070161775197822,0.31882253,0.00417,0,rq1_dynax_xm_R4,original_trajectory,R4
rq1_dynax_xm,5,evaluated,,"{""n1"": 7, ""n2"": 4, ""t0_quarters"": 2, ""t1_quarters"": 0}",0.036554734741143735,0.1740679824561403,0.03834101435890423,0.03681302409260263,0.17414093017578125,True,True,uarch,False,False,117718.83199993092,41.4465591,300,186.66666666666669,7.736691032000001,129254224.55981047,0.012408405557741805,0.40683836,0.00437653,0,rq1_dynax_xm_R5,original_trajectory,R5
rq1_block_nm,1,evaluated,,"{""n"": 7}",0.03358657986150424,0.125,,0.033320809848209114,0.125,False,,compiler,True,,45185.9519999948,14.313414700000001,300,226.66666666666669,3.244373998666667,308225870.510295,0.029589683568988317,-3.10006952,0.00693209,5,rq1_block_nm_R1,original_trajectory,R1
rq1_block_nm,2,evaluated,,"{""n"": 7}",0.03358657986150424,0.125,,0.033320809848209114,0.125,False,,compiler,True,,42246.91799999584,13.6186369,300,230.0,3.132286487,319255599.43201965,0.03064853754547389,-1.81639135,0.00819245,1,rq1_block_nm_R2,original_trajectory,R2
rq1_block_nm,3,evaluated,,"{""n"": 7}",0.03358657986150424,0.125,,0.033320809848209114,0.125,False,,uarch,True,,42167.11799999562,13.8443168,300,233.33333333333334,3.230340586666667,309564881.2164054,0.029718228596774917,-1.80368257,0.00337705,0,rq1_block_nm_R3,original_trajectory,R3
rq1_block_nm,4,evaluated,,"{""n"": 7}",0.03358657986150424,0.125,,0.033320809848209114,0.125,False,,uarch,True,,42514.24799999581,13.874416199999999,300,286.6666666666667,3.977332644,251424783.77023575,0.02413677924194263,-1.67740512,0.0080512,1,rq1_block_nm_R4,original_trajectory,R4
rq1_block_nm,5,evaluated,,"{""n"": 7}",0.03358657986150424,0.125,,0.033320809848209114,0.125,False,,uarch,False,,42292.93599999565,13.7061542,300,233.33333333333334,3.198102646666667,312685398.3383818,0.03001779824048466,-1.85258663,-2.837e-05,0,rq1_block_nm_R5,original_trajectory,R5
rq1_sanger_threshold,1,evaluated,,"{""threshold_256"": 3}",0.03839193117999572,0.3775889376218323,,0.03868273225121316,0.37479400634765625,True,True,kernel,True,,74779.51599996084,23.3000778,300,73.33333333333334,1.708672372,585249704.0316163,0.05618397158703518,0.07215206,0.00315911,0,rq1_sanger_threshold_R1,original_trajectory,R1
rq1_sanger_threshold,2,evaluated,,"{""threshold_256"": 2}",0.02407117346551637,0.3153935185185185,,0.023468599323221567,0.3126373291015625,True,,compiler,True,,81281.88599996526,25.675957999999998,300,140.0,3.59463412,278192429.77641356,0.0267064732585357,1.10246301,0.0059999,0,rq1_sanger_threshold_R2,original_trajectory,R2
rq1_sanger_threshold,3,failed,RuntimeError: Compiler/UArch build budget exhausted; see compiler_feedback.json,"{""threshold_256"": 2}",0.02407117346551637,0.3153935185185185,,0.023468599323221567,0.3126373291015625,,,kernel,True,,,,,,,,,,,,rq1_sanger_threshold_R3,original_trajectory,R3
rq1_sanger_threshold,4,evaluated,,"{""threshold_256"": 1}",0.00968334698849058,0.2238365009746589,,0.010311270572556964,0.22274017333984375,False,,compiler,True,,64421.20999999158,17.6763162,300,46.66666666666667,0.8248947560000001,1212275860.3159308,0.11637848259032937,-2.59888577,0.00906766,3,rq1_sanger_threshold_R4,original_trajectory,R4
rq1_sanger_threshold,5,evaluated,,"{""threshold_256"": 1}",0.00968334698849058,0.2238365009746589,,0.010311270572556964,0.22274017333984375,False,,stop,False,,82930.28799997525,25.810403700000002,300,70.0,1.806728259,553486665.7554173,0.05313471991252006,0.00701195,0.00723388,2,rq1_sanger_threshold_R5,original_trajectory,R5
rq1_global_topk,1,evaluated,,"{""k"": 14}",0.028844295519552907,0.125,,0.030839545888640484,0.125,True,,kernel,True,,24802.638000001498,8.65796953,300,283.33333333333337,2.4530913668333336,407648901.1050934,0.03913429450608896,1.01987755,0.00663589,0,rq1_global_topk_R1,original_trajectory,R1
rq1_global_topk,2,evaluated,,"{""k"": 15}",0.01841944080233416,0.0625,,0.020018825393910648,0.0625,True,,uarch,True,,24090.02400000124,8.45907163,300,276.6666666666667,2.340343150966667,427287767.4314363,0.04101962567341788,0.06679213,0.00826555,0,rq1_global_topk_R2,original_trajectory,R2
rq1_global_topk,3,evaluated,,"{""k"": 15}",0.01841944080233416,0.0625,,0.020018825393910648,0.0625,True,,compiler,True,,24108.91000000123,8.44734628,300,276.6666666666667,2.3370991374666668,427880864.77322686,0.041076563018229775,0.06026379,0.00691305,0,rq1_global_topk_R3,original_trajectory,R3
rq1_global_topk,4,evaluated,,"{""k"": 15}",0.01841944080233416,0.0625,,0.020018825393910648,0.0625,False,,compiler,True,,22738.212000000993,7.2126905400000005,300,223.33333333333334,1.6108342206000001,620796347.1421175,0.05959644932564328,0.06358802,0.0085397,2,rq1_global_topk_R4,original_trajectory,R4
rq1_global_topk,5,evaluated,,"{""k"": 15}",0.01841944080233416,0.0625,,0.020018825393910648,0.0625,True,True,stop,False,,19154.926000000534,6.23409264,300,230.0,1.4338413072,697427250.1276981,0.06695301601225902,0.05732481,0.0084481,0,rq1_global_topk_R5,original_trajectory,R5
rq1_block_nm,1,evaluated,,"{""n"": 7}",,,,0.033320809848209114,0.125,True,True,stop,False,,41780.88599999517,13.4159094,300,233.33333333333334,3.13037886,319450151.15518636,,0.43733039,0.00664113,0,block_nm_assisted_A1,assisted_repair,A1
